Epoch,TrainAcc,ValAcc,Loss
1,54.87,57.4,0.042647
2,53.93,56,0.0412331
3,55.2,57.1,0.0400419
4,58.79,59.7,0.0381654
5,63.07,71.5,0.0352729
6,80.45,95.4,0.0289605
7,98.62,100,0.0136255
